num,id,type,title,prompt
1,alcibiades,person,Alcibiades,"A photorealistic portrait of Alcibiades, Athenian general and statesman (c. 450–404 BC), as a real person of the ancient Greek world. Documentary portrait photograph, full-frame camera, 85mm lens at f/2, soft side daylight, shallow depth of field; weathered skin with visible pores and wrinkles, real hair, wool or linen clothing, an out-of-focus period setting behind. Historically accurate reconstruction of the late 5th century BC: buildings intact, newly built and painted, never ruins; authentic dress, arms and armour of the people shown, never Roman. Natural light, subtle film grain, fine detail. No text, no letters, no modern objects."
2,euripides,person,Euripides,"A photorealistic portrait of Euripides, 5th-century BC Athenian playwright, as a real person of the ancient Greek world. Documentary portrait photograph, full-frame camera, 85mm lens at f/2, soft side daylight, shallow depth of field; weathered skin with visible pores and wrinkles, real hair, wool or linen clothing, an out-of-focus period setting behind. Historically accurate reconstruction of the late 5th century BC: buildings intact, newly built and painted, never ruins; authentic dress, arms and armour of the people shown, never Roman. Natural light, subtle film grain, fine detail. No text, no letters, no modern objects."
3,thucydides,person,Thucydides,"A photorealistic portrait of Thucydides, 5th-century BC Athenian historian and general, as a real person of the ancient Greek world. Documentary portrait photograph, full-frame camera, 85mm lens at f/2, soft side daylight, shallow depth of field; weathered skin with visible pores and wrinkles, real hair, wool or linen clothing, an out-of-focus period setting behind. Historically accurate reconstruction of the late 5th century BC: buildings intact, newly built and painted, never ruins; authentic dress, arms and armour of the people shown, never Roman. Natural light, subtle film grain, fine detail. No text, no letters, no modern objects."
4,classical-athens,polity,Classical Athens,"A photorealistic view of Classical Athens, City-state in ancient Greece, as it was in the late 5th century BC. Wide landscape photograph, golden-hour light: its people, buildings and surrounding countryside as they were at the time. Historically accurate reconstruction of the late 5th century BC: buildings intact, newly built and painted, never ruins; authentic dress, arms and armour of the people shown, never Roman. Natural light, subtle film grain, fine detail. No text, no letters, no modern objects."
5,aristophanes,person,Aristophanes,"A photorealistic portrait of Aristophanes, Classical Athenian comic playwright (c. 446 – c. 386 BC), as a real person of the ancient Greek world. Documentary portrait photograph, full-frame camera, 85mm lens at f/2, soft side daylight, shallow depth of field; weathered skin with visible pores and wrinkles, real hair, wool or linen clothing, an out-of-focus period setting behind. Historically accurate reconstruction of the late 5th century BC: buildings intact, newly built and painted, never ruins; authentic dress, arms and armour of the people shown, never Roman. Natural light, subtle film grain, fine detail. No text, no letters, no modern objects."
6,xenophon,person,Xenophon,"A photorealistic portrait of Xenophon, Greek philosopher, historian, and soldier (c.430–355/354 BC), as a real person of the ancient Greek world. Documentary portrait photograph, full-frame camera, 85mm lens at f/2, soft side daylight, shallow depth of field; weathered skin with visible pores and wrinkles, real hair, wool or linen clothing, an out-of-focus period setting behind. Historically accurate reconstruction of the late 5th century BC: buildings intact, newly built and painted, never ruins; authentic dress, arms and armour of the people shown, never Roman. Natural light, subtle film grain, fine detail. No text, no letters, no modern objects."
7,sparta,polity,Sparta,"A photorealistic view of Sparta, City-state in ancient Greece, as it was in the late 5th century BC. Wide landscape photograph, golden-hour light: its people, buildings and surrounding countryside as they were at the time. Historically accurate reconstruction of the late 5th century BC: buildings intact, newly built and painted, never ruins; authentic dress, arms and armour of the people shown, never Roman. Natural light, subtle film grain, fine detail. No text, no letters, no modern objects."
8,battle-of-arginusae,event,Battle of Arginusae,"A photorealistic scene of Battle of Arginusae, Naval battle during the Peloponnesian War (406 BC), as it really happened. Cinematic war photograph from water level, full-frame camera, 35mm lens, spray and haze: wooden triremes with bronze rams and three banks of oars, painted eyes on the bows, hoplites and archers on deck in bronze helmets. Historically accurate reconstruction of the late 5th century BC: buildings intact, newly built and painted, never ruins; authentic dress, arms and armour of the people shown, never Roman. Natural light, subtle film grain, fine detail. No text, no letters, no modern objects."
9,cleon,person,Cleon,"A photorealistic portrait of Cleon, Athenian statesman and general (died 422 BC), as a real person of the ancient Greek world. Documentary portrait photograph, full-frame camera, 85mm lens at f/2, soft side daylight, shallow depth of field; weathered skin with visible pores and wrinkles, real hair, wool or linen clothing, an out-of-focus period setting behind. Historically accurate reconstruction of the late 5th century BC: buildings intact, newly built and painted, never ruins; authentic dress, arms and armour of the people shown, never Roman. Natural light, subtle film grain, fine detail. No text, no letters, no modern objects."
10,athenian-coup-of-411-bc,event,Athenian coup of 411 BC,"A photorealistic scene of Athenian coup of 411 BC, 'The Four Hundred' oligarchy replaces the democratic government, as it really happened. Cinematic documentary photograph, full-frame camera, 35mm lens, natural light, real people in period dress. Historically accurate reconstruction of the late 5th century BC: buildings intact, newly built and painted, never ruins; authentic dress, arms and armour of the people shown, never Roman. Natural light, subtle film grain, fine detail. No text, no letters, no modern objects."
11,demosthenes-general,person,Demosthenes (general),"A photorealistic portrait of Demosthenes (general), 5th-century BC Athenian military general, as a real person of the ancient Greek world. Documentary portrait photograph, full-frame camera, 85mm lens at f/2, soft side daylight, shallow depth of field; weathered skin with visible pores and wrinkles, real hair, wool or linen clothing, an out-of-focus period setting behind. Historically accurate reconstruction of the late 5th century BC: buildings intact, newly built and painted, never ruins; authentic dress, arms and armour of the people shown, never Roman. Natural light, subtle film grain, fine detail. No text, no letters, no modern objects."
12,agis-ii,person,Agis II,"A photorealistic portrait of Agis II, Eurypontid king of Sparta from 427 to 400/399 BC, as a real person of the ancient Greek world. Documentary portrait photograph, full-frame camera, 85mm lens at f/2, soft side daylight, shallow depth of field; weathered skin with visible pores and wrinkles, real hair, wool or linen clothing, an out-of-focus period setting behind. Historically accurate reconstruction of the late 5th century BC: buildings intact, newly built and painted, never ruins; authentic dress, arms and armour of the people shown, never Roman. Natural light, subtle film grain, fine detail. No text, no letters, no modern objects."
13,battle-of-aegospotami,event,Battle of Aegospotami,"A photorealistic scene of Battle of Aegospotami, Naval battle in the Peloponnesian War, as it really happened. Cinematic war photograph from water level, full-frame camera, 35mm lens, spray and haze: wooden triremes with bronze rams and three banks of oars, painted eyes on the bows, hoplites and archers on deck in bronze helmets. Historically accurate reconstruction of the late 5th century BC: buildings intact, newly built and painted, never ruins; authentic dress, arms and armour of the people shown, never Roman. Natural light, subtle film grain, fine detail. No text, no letters, no modern objects."
14,the-acharnians,work,The Acharnians,"A photorealistic evocation of the ancient work The Acharnians, Comedy by Aristophanes. Photograph of an original performance in an open-air Greek theatre of wooden benches on a hillside, masked actors in costume, the chorus in the orchestra, audience in wool himatia, daylight. Historically accurate reconstruction of the late 5th century BC: buildings intact, newly built and painted, never ruins; authentic dress, arms and armour of the people shown, never Roman. Natural light, subtle film grain, fine detail. No text, no letters, no modern objects."
15,pharnabazus-ii,person,Pharnabazus II,"A photorealistic portrait of Pharnabazus II, Persian satrap of Hellespontine Phrygia from 413 to 374 BC, as a real person of the Achaemenid Persian Empire. Documentary portrait photograph, full-frame camera, 85mm lens at f/2, soft side daylight, shallow depth of field; weathered skin with visible pores and wrinkles, real hair, wool or linen clothing, an out-of-focus period setting behind. Historically accurate reconstruction of the late 5th century BC: buildings intact, newly built and painted, never ruins; authentic dress, arms and armour of the people shown, never Roman. Natural light, subtle film grain, fine detail. No text, no letters, no modern objects."
16,peace-of-nicias,event,Peace of Nicias,"A photorealistic scene of Peace of Nicias, 421 BC treaty between Athens and Sparta, as it really happened. Cinematic documentary photograph, full-frame camera, 35mm lens, natural light, real people in period dress. Historically accurate reconstruction of the late 5th century BC: buildings intact, newly built and painted, never ruins; authentic dress, arms and armour of the people shown, never Roman. Natural light, subtle film grain, fine detail. No text, no letters, no modern objects."
17,battle-of-cyzicus,event,Battle of Cyzicus,"A photorealistic scene of Battle of Cyzicus, Land and sea battle between Athens and Sparta in 410 BC, as it really happened. Cinematic war photograph from water level, full-frame camera, 35mm lens, spray and haze: wooden triremes with bronze rams and three banks of oars, painted eyes on the bows, hoplites and archers on deck in bronze helmets. Historically accurate reconstruction of the late 5th century BC: buildings intact, newly built and painted, never ruins; authentic dress, arms and armour of the people shown, never Roman. Natural light, subtle film grain, fine detail. No text, no letters, no modern objects."
18,sophocles,person,Sophocles,"A photorealistic portrait of Sophocles, 5th-century BC Athenian tragic playwright, as a real person of the ancient Greek world. Documentary portrait photograph, full-frame camera, 85mm lens at f/2, soft side daylight, shallow depth of field; weathered skin with visible pores and wrinkles, real hair, wool or linen clothing, an out-of-focus period setting behind. Historically accurate reconstruction of the late 5th century BC: buildings intact, newly built and painted, never ruins; authentic dress, arms and armour of the people shown, never Roman. Natural light, subtle film grain, fine detail. No text, no letters, no modern objects."
19,tissaphernes,person,Tissaphernes,"A photorealistic portrait of Tissaphernes, Persian Satrap of Lydia and Ionia (445–395 BC), as a real person of the Achaemenid Persian Empire. Documentary portrait photograph, full-frame camera, 85mm lens at f/2, soft side daylight, shallow depth of field; weathered skin with visible pores and wrinkles, real hair, wool or linen clothing, an out-of-focus period setting behind. Historically accurate reconstruction of the late 5th century BC: buildings intact, newly built and painted, never ruins; authentic dress, arms and armour of the people shown, never Roman. Natural light, subtle film grain, fine detail. No text, no letters, no modern objects."
20,the-frogs,work,The Frogs,"A photorealistic evocation of the ancient work The Frogs, Comedy by Aristophanes. Photograph of an original performance in an open-air Greek theatre of wooden benches on a hillside, masked actors in costume, the chorus in the orchestra, audience in wool himatia, daylight. Historically accurate reconstruction of the late 5th century BC: buildings intact, newly built and painted, never ruins; authentic dress, arms and armour of the people shown, never Roman. Natural light, subtle film grain, fine detail. No text, no letters, no modern objects."
21,battle-of-notium,event,Battle of Notium,"A photorealistic scene of Battle of Notium, Naval battle during Peloponnesian War (406 BC), as it really happened. Cinematic war photograph from water level, full-frame camera, 35mm lens, spray and haze: wooden triremes with bronze rams and three banks of oars, painted eyes on the bows, hoplites and archers on deck in bronze helmets. Historically accurate reconstruction of the late 5th century BC: buildings intact, newly built and painted, never ruins; authentic dress, arms and armour of the people shown, never Roman. Natural light, subtle film grain, fine detail. No text, no letters, no modern objects."
22,cyrus-the-younger,person,Cyrus the Younger,"A photorealistic portrait of Cyrus the Younger, Achaemenid prince, satrap of Lydia from 408 to 401 BC, as a real person of the Achaemenid Persian Empire. Documentary portrait photograph, full-frame camera, 85mm lens at f/2, soft side daylight, shallow depth of field; weathered skin with visible pores and wrinkles, real hair, wool or linen clothing, an out-of-focus period setting behind. Historically accurate reconstruction of the late 5th century BC: buildings intact, newly built and painted, never ruins; authentic dress, arms and armour of the people shown, never Roman. Natural light, subtle film grain, fine detail. No text, no letters, no modern objects."
23,thrasyllus,person,Thrasyllus,"A photorealistic portrait of Thrasyllus, Athenian general and statesman (died 406 BC), as a real person of the ancient Greek world. Documentary portrait photograph, full-frame camera, 85mm lens at f/2, soft side daylight, shallow depth of field; weathered skin with visible pores and wrinkles, real hair, wool or linen clothing, an out-of-focus period setting behind. Historically accurate reconstruction of the late 5th century BC: buildings intact, newly built and painted, never ruins; authentic dress, arms and armour of the people shown, never Roman. Natural light, subtle film grain, fine detail. No text, no letters, no modern objects."
24,battle-of-mantinea-418-bc,event,Battle of Mantinea (418 BC),"A photorealistic scene of Battle of Mantinea (418 BC), Spartan victory against Argos, Athens and Mantinea, as it really happened. Cinematic war photograph, full-frame camera, 35mm lens, dust and haze, motion blur, sweat, mud and blood. Hoplites in hammered bronze Corinthian helmets that cover the face, linen cuirasses, bronze greaves, large round bronze-faced hoplon shields, long ash-wood spears. Historically accurate reconstruction of the late 5th century BC: buildings intact, newly built and painted, never ruins; authentic dress, arms and armour of the people shown, never Roman. Natural light, subtle film grain, fine detail. No text, no letters, no modern objects."
25,battle-of-amphipolis,event,Battle of Amphipolis,"A photorealistic scene of Battle of Amphipolis, Military investment of Amphipolis by Sparta (422 BC), as it really happened. Cinematic war photograph, full-frame camera, 35mm lens, dust and haze, motion blur, sweat, mud and blood. Hoplites in hammered bronze Corinthian helmets that cover the face, linen cuirasses, bronze greaves, large round bronze-faced hoplon shields, long ash-wood spears. Historically accurate reconstruction of the late 5th century BC: buildings intact, newly built and painted, never ruins; authentic dress, arms and armour of the people shown, never Roman. Natural light, subtle film grain, fine detail. No text, no letters, no modern objects."
26,pausanias-king-of-sparta,person,Pausanias (king of Sparta),"A photorealistic portrait of Pausanias (king of Sparta), King of Sparta in 445–426 and 408–395 BC, as a real person of the ancient Greek world. Documentary portrait photograph, full-frame camera, 85mm lens at f/2, soft side daylight, shallow depth of field; weathered skin with visible pores and wrinkles, real hair, wool or linen clothing, an out-of-focus period setting behind. Historically accurate reconstruction of the late 5th century BC: buildings intact, newly built and painted, never ruins; authentic dress, arms and armour of the people shown, never Roman. Natural light, subtle film grain, fine detail. No text, no letters, no modern objects."
27,thesmophoriazusae,work,Thesmophoriazusae,"A photorealistic evocation of the ancient work Thesmophoriazusae, Comedy by 5th-century BC Greek playwright Aristophanes. Photograph of an original performance in an open-air Greek theatre of wooden benches on a hillside, masked actors in costume, the chorus in the orchestra, audience in wool himatia, daylight. Historically accurate reconstruction of the late 5th century BC: buildings intact, newly built and painted, never ruins; authentic dress, arms and armour of the people shown, never Roman. Natural light, subtle film grain, fine detail. No text, no letters, no modern objects."
28,artaxerxes-ii,person,Artaxerxes II,"A photorealistic portrait of Artaxerxes II, King of the Achaemenid Empire from 405/4 to 359/8 BC, as a real person of the Achaemenid Persian Empire. Documentary portrait photograph, full-frame camera, 85mm lens at f/2, soft side daylight, shallow depth of field; weathered skin with visible pores and wrinkles, real hair, wool or linen clothing, an out-of-focus period setting behind. Historically accurate reconstruction of the late 5th century BC: buildings intact, newly built and painted, never ruins; authentic dress, arms and armour of the people shown, never Roman. Natural light, subtle film grain, fine detail. No text, no letters, no modern objects."
29,perdiccas-ii-of-macedon,person,Perdiccas II of Macedon,"A photorealistic portrait of Perdiccas II of Macedon, 5th-century BC king of Macedon, as a real person of the ancient Greek world. Documentary portrait photograph, full-frame camera, 85mm lens at f/2, soft side daylight, shallow depth of field; weathered skin with visible pores and wrinkles, real hair, wool or linen clothing, an out-of-focus period setting behind. Historically accurate reconstruction of the late 5th century BC: buildings intact, newly built and painted, never ruins; authentic dress, arms and armour of the people shown, never Roman. Natural light, subtle film grain, fine detail. No text, no letters, no modern objects."
30,battle-of-abydos,event,Battle of Abydos,"A photorealistic scene of Battle of Abydos, 411 BCE naval engagement between Athens and Sparta, part of the Peloponnesian War, as it really happened. Cinematic war photograph from water level, full-frame camera, 35mm lens, spray and haze: wooden triremes with bronze rams and three banks of oars, painted eyes on the bows, hoplites and archers on deck in bronze helmets. Historically accurate reconstruction of the late 5th century BC: buildings intact, newly built and painted, never ruins; authentic dress, arms and armour of the people shown, never Roman. Natural light, subtle film grain, fine detail. No text, no letters, no modern objects."
31,callicratidas,person,Callicratidas,"A photorealistic portrait of Callicratidas, 5th-century BC Spartan admiral, as a real person of the ancient Greek world. Documentary portrait photograph, full-frame camera, 85mm lens at f/2, soft side daylight, shallow depth of field; weathered skin with visible pores and wrinkles, real hair, wool or linen clothing, an out-of-focus period setting behind. Historically accurate reconstruction of the late 5th century BC: buildings intact, newly built and painted, never ruins; authentic dress, arms and armour of the people shown, never Roman. Natural light, subtle film grain, fine detail. No text, no letters, no modern objects."
32,lysias,person,Lysias,"A photorealistic portrait of Lysias, Athenian speechwriter (c. 445–c. 380 BC), as a real person of the ancient Greek world. Documentary portrait photograph, full-frame camera, 85mm lens at f/2, soft side daylight, shallow depth of field; weathered skin with visible pores and wrinkles, real hair, wool or linen clothing, an out-of-focus period setting behind. Historically accurate reconstruction of the late 5th century BC: buildings intact, newly built and painted, never ruins; authentic dress, arms and armour of the people shown, never Roman. Natural light, subtle film grain, fine detail. No text, no letters, no modern objects."
33,battle-of-cynossema,event,Battle of Cynossema,"A photorealistic scene of Battle of Cynossema, Naval battle during the Second Peloponnesian War (411 BC), as it really happened. Cinematic war photograph from water level, full-frame camera, 35mm lens, spray and haze: wooden triremes with bronze rams and three banks of oars, painted eyes on the bows, hoplites and archers on deck in bronze helmets. Historically accurate reconstruction of the late 5th century BC: buildings intact, newly built and painted, never ruins; authentic dress, arms and armour of the people shown, never Roman. Natural light, subtle film grain, fine detail. No text, no letters, no modern objects."
34,hyperbolus,person,Hyperbolus,"A photorealistic portrait of Hyperbolus, Athenian politician (died 412/411 BC), as a real person of the ancient Greek world. Documentary portrait photograph, full-frame camera, 85mm lens at f/2, soft side daylight, shallow depth of field; weathered skin with visible pores and wrinkles, real hair, wool or linen clothing, an out-of-focus period setting behind. Historically accurate reconstruction of the late 5th century BC: buildings intact, newly built and painted, never ruins; authentic dress, arms and armour of the people shown, never Roman. Natural light, subtle film grain, fine detail. No text, no letters, no modern objects."
35,mindarus,person,Mindarus,"A photorealistic portrait of Mindarus, 5th-century BC Spartan admiral, as a real person of the ancient Greek world. Documentary portrait photograph, full-frame camera, 85mm lens at f/2, soft side daylight, shallow depth of field; weathered skin with visible pores and wrinkles, real hair, wool or linen clothing, an out-of-focus period setting behind. Historically accurate reconstruction of the late 5th century BC: buildings intact, newly built and painted, never ruins; authentic dress, arms and armour of the people shown, never Roman. Natural light, subtle film grain, fine detail. No text, no letters, no modern objects."
36,phormio,person,Phormio,"A photorealistic portrait of Phormio, 5th-century BCE Athenian general, as a real person of the ancient Greek world. Documentary portrait photograph, full-frame camera, 85mm lens at f/2, soft side daylight, shallow depth of field; weathered skin with visible pores and wrinkles, real hair, wool or linen clothing, an out-of-focus period setting behind. Historically accurate reconstruction of the late 5th century BC: buildings intact, newly built and painted, never ruins; authentic dress, arms and armour of the people shown, never Roman. Natural light, subtle film grain, fine detail. No text, no letters, no modern objects."
37,siege-of-melos,event,Siege of Melos,"A photorealistic scene of Siege of Melos, 416 BC event of the Peloponnesian War, as it really happened. Cinematic war photograph, full-frame camera, 35mm lens, dust and haze, motion blur, sweat, mud and blood. Hoplites in hammered bronze Corinthian helmets that cover the face, linen cuirasses, bronze greaves, large round bronze-faced hoplon shields, long ash-wood spears. Historically accurate reconstruction of the late 5th century BC: buildings intact, newly built and painted, never ruins; authentic dress, arms and armour of the people shown, never Roman. Natural light, subtle film grain, fine detail. No text, no letters, no modern objects."
38,mytilenean-revolt,event,Mytilenean revolt,"A photorealistic scene of Mytilenean revolt, Incident during the Peloponnesian War (428–427 BC), as it really happened. Cinematic war photograph, full-frame camera, 35mm lens, dust and haze, motion blur, sweat, mud and blood. Hoplites in hammered bronze Corinthian helmets that cover the face, linen cuirasses, bronze greaves, large round bronze-faced hoplon shields, long ash-wood spears. Historically accurate reconstruction of the late 5th century BC: buildings intact, newly built and painted, never ruins; authentic dress, arms and armour of the people shown, never Roman. Natural light, subtle film grain, fine detail. No text, no letters, no modern objects."
39,andocides,person,Andocides,"A photorealistic portrait of Andocides, Greek logographer and orator (c.440–c.390 BC), as a real person of the ancient Greek world. Documentary portrait photograph, full-frame camera, 85mm lens at f/2, soft side daylight, shallow depth of field; weathered skin with visible pores and wrinkles, real hair, wool or linen clothing, an out-of-focus period setting behind. Historically accurate reconstruction of the late 5th century BC: buildings intact, newly built and painted, never ruins; authentic dress, arms and armour of the people shown, never Roman. Natural light, subtle film grain, fine detail. No text, no letters, no modern objects."
40,peisander-oligarch,person,Peisander (oligarch),"A photorealistic portrait of Peisander (oligarch), 5th-century BC Athenian magistrate and politician, as a real person of the ancient Greek world. Documentary portrait photograph, full-frame camera, 85mm lens at f/2, soft side daylight, shallow depth of field; weathered skin with visible pores and wrinkles, real hair, wool or linen clothing, an out-of-focus period setting behind. Historically accurate reconstruction of the late 5th century BC: buildings intact, newly built and painted, never ruins; authentic dress, arms and armour of the people shown, never Roman. Natural light, subtle film grain, fine detail. No text, no letters, no modern objects."
41,pleistoanax,person,Pleistoanax,"A photorealistic portrait of Pleistoanax, 5th century BC Agiad King of Sparta, as a real person of the ancient Greek world. Documentary portrait photograph, full-frame camera, 85mm lens at f/2, soft side daylight, shallow depth of field; weathered skin with visible pores and wrinkles, real hair, wool or linen clothing, an out-of-focus period setting behind. Historically accurate reconstruction of the late 5th century BC: buildings intact, newly built and painted, never ruins; authentic dress, arms and armour of the people shown, never Roman. Natural light, subtle film grain, fine detail. No text, no letters, no modern objects."
42,affair-of-epidamnus,event,Affair of Epidamnus,"A photorealistic scene of Affair of Epidamnus, Coup by Epidamnus' democratic faction (c. 436 – 433 BCE), as it really happened. Cinematic documentary photograph, full-frame camera, 35mm lens, natural light, real people in period dress. Historically accurate reconstruction of the late 5th century BC: buildings intact, newly built and painted, never ruins; authentic dress, arms and armour of the people shown, never Roman. Natural light, subtle film grain, fine detail. No text, no letters, no modern objects."
43,critias,person,Critias,"A photorealistic portrait of Critias, Athenian politician (c. 460 – 403 BC), as a real person of the ancient Greek world. Documentary portrait photograph, full-frame camera, 85mm lens at f/2, soft side daylight, shallow depth of field; weathered skin with visible pores and wrinkles, real hair, wool or linen clothing, an out-of-focus period setting behind. Historically accurate reconstruction of the late 5th century BC: buildings intact, newly built and painted, never ruins; authentic dress, arms and armour of the people shown, never Roman. Natural light, subtle film grain, fine detail. No text, no letters, no modern objects."
44,gylippus,person,Gylippus,"A photorealistic portrait of Gylippus, 5th-century BC Spartan general, as a real person of the ancient Greek world. Documentary portrait photograph, full-frame camera, 85mm lens at f/2, soft side daylight, shallow depth of field; weathered skin with visible pores and wrinkles, real hair, wool or linen clothing, an out-of-focus period setting behind. Historically accurate reconstruction of the late 5th century BC: buildings intact, newly built and painted, never ruins; authentic dress, arms and armour of the people shown, never Roman. Natural light, subtle film grain, fine detail. No text, no letters, no modern objects."
45,lamachus,person,Lamachus,"A photorealistic portrait of Lamachus, 5th-century BC Athenian general, as a real person of the ancient Greek world. Documentary portrait photograph, full-frame camera, 85mm lens at f/2, soft side daylight, shallow depth of field; weathered skin with visible pores and wrinkles, real hair, wool or linen clothing, an out-of-focus period setting behind. Historically accurate reconstruction of the late 5th century BC: buildings intact, newly built and painted, never ruins; authentic dress, arms and armour of the people shown, never Roman. Natural light, subtle film grain, fine detail. No text, no letters, no modern objects."
46,battle-of-lyncestis,event,Battle of Lyncestis,"A photorealistic scene of Battle of Lyncestis, 423 BCE battle, part of the Peloponnesian Wars, as it really happened. Cinematic war photograph, full-frame camera, 35mm lens, dust and haze, motion blur, sweat, mud and blood. Hoplites in hammered bronze Corinthian helmets that cover the face, linen cuirasses, bronze greaves, large round bronze-faced hoplon shields, long ash-wood spears. Historically accurate reconstruction of the late 5th century BC: buildings intact, newly built and painted, never ruins; authentic dress, arms and armour of the people shown, never Roman. Natural light, subtle film grain, fine detail. No text, no letters, no modern objects."
47,laches-general,person,Laches (general),"A photorealistic portrait of Laches (general), Athenian aristocrat and general (c. 475–418 BCE), as a real person of the ancient Greek world. Documentary portrait photograph, full-frame camera, 85mm lens at f/2, soft side daylight, shallow depth of field; weathered skin with visible pores and wrinkles, real hair, wool or linen clothing, an out-of-focus period setting behind. Historically accurate reconstruction of the late 5th century BC: buildings intact, newly built and painted, never ruins; authentic dress, arms and armour of the people shown, never Roman. Natural light, subtle film grain, fine detail. No text, no letters, no modern objects."
48,adeimantus-son-of-leucolophides,person,Adeimantus (son of Leucolophides),"A photorealistic portrait of Adeimantus (son of Leucolophides), 5th-century BC Greek general, as a real person of the ancient Greek world. Documentary portrait photograph, full-frame camera, 85mm lens at f/2, soft side daylight, shallow depth of field; weathered skin with visible pores and wrinkles, real hair, wool or linen clothing, an out-of-focus period setting behind. Historically accurate reconstruction of the late 5th century BC: buildings intact, newly built and painted, never ruins; authentic dress, arms and armour of the people shown, never Roman. Natural light, subtle film grain, fine detail. No text, no letters, no modern objects."
49,anytus,person,Anytus,"A photorealistic portrait of Anytus, Late 5th/early-4th century BC Athenian politician, as a real person of the ancient Greek world. Documentary portrait photograph, full-frame camera, 85mm lens at f/2, soft side daylight, shallow depth of field; weathered skin with visible pores and wrinkles, real hair, wool or linen clothing, an out-of-focus period setting behind. Historically accurate reconstruction of the late 5th century BC: buildings intact, newly built and painted, never ruins; authentic dress, arms and armour of the people shown, never Roman. Natural light, subtle film grain, fine detail. No text, no letters, no modern objects."
50,battle-of-olpae,event,Battle of Olpae,"A photorealistic scene of Battle of Olpae, Battle during the Peloponnesian War (426 BC), as it really happened. Cinematic war photograph, full-frame camera, 35mm lens, dust and haze, motion blur, sweat, mud and blood. Hoplites in hammered bronze Corinthian helmets that cover the face, linen cuirasses, bronze greaves, large round bronze-faced hoplon shields, long ash-wood spears. Historically accurate reconstruction of the late 5th century BC: buildings intact, newly built and painted, never ruins; authentic dress, arms and armour of the people shown, never Roman. Natural light, subtle film grain, fine detail. No text, no letters, no modern objects."
51,darius-ii,person,Darius II,"A photorealistic portrait of Darius II, King of Kings of the Achaemenid Empire from 423 to 405/4 BC, as a real person of the Achaemenid Persian Empire. Documentary portrait photograph, full-frame camera, 85mm lens at f/2, soft side daylight, shallow depth of field; weathered skin with visible pores and wrinkles, real hair, wool or linen clothing, an out-of-focus period setting behind. Historically accurate reconstruction of the late 5th century BC: buildings intact, newly built and painted, never ruins; authentic dress, arms and armour of the people shown, never Roman. Natural light, subtle film grain, fine detail. No text, no letters, no modern objects."
52,eurymedon-strategos,person,Eurymedon (strategos),"A photorealistic portrait of Eurymedon (strategos), Athenian general (died 413 BC), as a real person of the ancient Greek world. Documentary portrait photograph, full-frame camera, 85mm lens at f/2, soft side daylight, shallow depth of field; weathered skin with visible pores and wrinkles, real hair, wool or linen clothing, an out-of-focus period setting behind. Historically accurate reconstruction of the late 5th century BC: buildings intact, newly built and painted, never ruins; authentic dress, arms and armour of the people shown, never Roman. Natural light, subtle film grain, fine detail. No text, no letters, no modern objects."
53,megarian-decree,event,Megarian Decree,"A photorealistic scene of Megarian Decree, Economic sanctions imposed by the Delian League on Megara, as it really happened. Cinematic documentary photograph, full-frame camera, 35mm lens, natural light, real people in period dress. Historically accurate reconstruction of the late 5th century BC: buildings intact, newly built and painted, never ruins; authentic dress, arms and armour of the people shown, never Roman. Natural light, subtle film grain, fine detail. No text, no letters, no modern objects."
54,battle-of-sybota,event,Battle of Sybota,"A photorealistic scene of Battle of Sybota, Battle during the Peloponnesian War (433 BC), as it really happened. Cinematic war photograph, full-frame camera, 35mm lens, dust and haze, motion blur, sweat, mud and blood. Hoplites in hammered bronze Corinthian helmets that cover the face, linen cuirasses, bronze greaves, large round bronze-faced hoplon shields, long ash-wood spears. Historically accurate reconstruction of the late 5th century BC: buildings intact, newly built and painted, never ruins; authentic dress, arms and armour of the people shown, never Roman. Natural light, subtle film grain, fine detail. No text, no letters, no modern objects."
55,cleonymus-of-athens,person,Cleonymus of Athens,"A photorealistic portrait of Cleonymus of Athens, 5th-century BC Athenian politician and general, as a real person of the ancient Greek world. Documentary portrait photograph, full-frame camera, 85mm lens at f/2, soft side daylight, shallow depth of field; weathered skin with visible pores and wrinkles, real hair, wool or linen clothing, an out-of-focus period setting behind. Historically accurate reconstruction of the late 5th century BC: buildings intact, newly built and painted, never ruins; authentic dress, arms and armour of the people shown, never Roman. Natural light, subtle film grain, fine detail. No text, no letters, no modern objects."
56,astyochus,person,Astyochus,"A photorealistic portrait of Astyochus, 5th-century BC Spartan navarch, as a real person of the ancient Greek world. Documentary portrait photograph, full-frame camera, 85mm lens at f/2, soft side daylight, shallow depth of field; weathered skin with visible pores and wrinkles, real hair, wool or linen clothing, an out-of-focus period setting behind. Historically accurate reconstruction of the late 5th century BC: buildings intact, newly built and painted, never ruins; authentic dress, arms and armour of the people shown, never Roman. Natural light, subtle film grain, fine detail. No text, no letters, no modern objects."
57,evagoras-i,person,Evagoras I,"A photorealistic portrait of Evagoras I, King of Salamis on Cyprus from 411 to 374 BC, as a real person of the ancient Greek world. Documentary portrait photograph, full-frame camera, 85mm lens at f/2, soft side daylight, shallow depth of field; weathered skin with visible pores and wrinkles, real hair, wool or linen clothing, an out-of-focus period setting behind. Historically accurate reconstruction of the late 5th century BC: buildings intact, newly built and painted, never ruins; authentic dress, arms and armour of the people shown, never Roman. Natural light, subtle film grain, fine detail. No text, no letters, no modern objects."
58,hagnon-son-of-nikias,person,"Hagnon, son of Nikias","A photorealistic portrait of Hagnon, son of Nikias, 5th-century BC Athenian general and statesman, as a real person of the ancient Greek world. Documentary portrait photograph, full-frame camera, 85mm lens at f/2, soft side daylight, shallow depth of field; weathered skin with visible pores and wrinkles, real hair, wool or linen clothing, an out-of-focus period setting behind. Historically accurate reconstruction of the late 5th century BC: buildings intact, newly built and painted, never ruins; authentic dress, arms and armour of the people shown, never Roman. Natural light, subtle film grain, fine detail. No text, no letters, no modern objects."
59,phrynichus-oligarch,person,Phrynichus (oligarch),"A photorealistic portrait of Phrynichus (oligarch), Athenian politician and general (died 411 BC), as a real person of the ancient Greek world. Documentary portrait photograph, full-frame camera, 85mm lens at f/2, soft side daylight, shallow depth of field; weathered skin with visible pores and wrinkles, real hair, wool or linen clothing, an out-of-focus period setting behind. Historically accurate reconstruction of the late 5th century BC: buildings intact, newly built and painted, never ruins; authentic dress, arms and armour of the people shown, never Roman. Natural light, subtle film grain, fine detail. No text, no letters, no modern objects."
60,archestratus-general,person,Archestratus (general),"A photorealistic portrait of Archestratus (general), 5th-century BC Athenian general, as a real person of the ancient Greek world. Documentary portrait photograph, full-frame camera, 85mm lens at f/2, soft side daylight, shallow depth of field; weathered skin with visible pores and wrinkles, real hair, wool or linen clothing, an out-of-focus period setting behind. Historically accurate reconstruction of the late 5th century BC: buildings intact, newly built and painted, never ruins; authentic dress, arms and armour of the people shown, never Roman. Natural light, subtle film grain, fine detail. No text, no letters, no modern objects."
61,aristocrates-son-of-scellias,person,Aristocrates (son of Scellias),"A photorealistic portrait of Aristocrates (son of Scellias), Late 5th century BCE Greek politician and commander, as a real person of the ancient Greek world. Documentary portrait photograph, full-frame camera, 85mm lens at f/2, soft side daylight, shallow depth of field; weathered skin with visible pores and wrinkles, real hair, wool or linen clothing, an out-of-focus period setting behind. Historically accurate reconstruction of the late 5th century BC: buildings intact, newly built and painted, never ruins; authentic dress, arms and armour of the people shown, never Roman. Natural light, subtle film grain, fine detail. No text, no letters, no modern objects."
62,cleisthenes-son-of-sibyrtius,person,Cleisthenes (son of Sibyrtius),"A photorealistic portrait of Cleisthenes (son of Sibyrtius), Athenian delegate during the Peloponnesian War, as a real person of the ancient Greek world. Documentary portrait photograph, full-frame camera, 85mm lens at f/2, soft side daylight, shallow depth of field; weathered skin with visible pores and wrinkles, real hair, wool or linen clothing, an out-of-focus period setting behind. Historically accurate reconstruction of the late 5th century BC: buildings intact, newly built and painted, never ruins; authentic dress, arms and armour of the people shown, never Roman. Natural light, subtle film grain, fine detail. No text, no letters, no modern objects."
63,elean-war,event,Elean War,"A photorealistic scene of Elean War, War between Sparta and Elis, as it really happened. Cinematic war photograph, full-frame camera, 35mm lens, dust and haze, motion blur, sweat, mud and blood. Hoplites in hammered bronze Corinthian helmets that cover the face, linen cuirasses, bronze greaves, large round bronze-faced hoplon shields, long ash-wood spears. Historically accurate reconstruction of the late 5th century BC: buildings intact, newly built and painted, never ruins; authentic dress, arms and armour of the people shown, never Roman. Natural light, subtle film grain, fine detail. No text, no letters, no modern objects."
64,hegesandridas,person,Hegesandridas,"A photorealistic portrait of Hegesandridas, Spartan general during the Peloponnesian War, as a real person of the ancient Greek world. Documentary portrait photograph, full-frame camera, 85mm lens at f/2, soft side daylight, shallow depth of field; weathered skin with visible pores and wrinkles, real hair, wool or linen clothing, an out-of-focus period setting behind. Historically accurate reconstruction of the late 5th century BC: buildings intact, newly built and painted, never ruins; authentic dress, arms and armour of the people shown, never Roman. Natural light, subtle film grain, fine detail. No text, no letters, no modern objects."
65,isocrates,person,Isocrates,"A photorealistic portrait of Isocrates, Greek rhetorician and writer (436–338 BC), as a real person of the ancient Greek world. Documentary portrait photograph, full-frame camera, 85mm lens at f/2, soft side daylight, shallow depth of field; weathered skin with visible pores and wrinkles, real hair, wool or linen clothing, an out-of-focus period setting behind. Historically accurate reconstruction of the late 5th century BC: buildings intact, newly built and painted, never ruins; authentic dress, arms and armour of the people shown, never Roman. Natural light, subtle film grain, fine detail. No text, no letters, no modern objects."
66,medea-play,work,Medea (play),"A photorealistic evocation of the ancient work Medea (play), Ancient Greek tragedy by Euripides. Photograph of an original performance in an open-air Greek theatre of wooden benches on a hillside, masked actors in costume, the chorus in the orchestra, audience in wool himatia, daylight. Historically accurate reconstruction of the late 5th century BC: buildings intact, newly built and painted, never ruins; authentic dress, arms and armour of the people shown, never Roman. Natural light, subtle film grain, fine detail. No text, no letters, no modern objects."
67,sirras,person,Sirras,"A photorealistic portrait of Sirras, Late-5th/early 4th-century Macedonian prince, as a real person of the ancient Greek world. Documentary portrait photograph, full-frame camera, 85mm lens at f/2, soft side daylight, shallow depth of field; weathered skin with visible pores and wrinkles, real hair, wool or linen clothing, an out-of-focus period setting behind. Historically accurate reconstruction of the late 5th century BC: buildings intact, newly built and painted, never ruins; authentic dress, arms and armour of the people shown, never Roman. Natural light, subtle film grain, fine detail. No text, no letters, no modern objects."
68,axiochus,person,Axiochus,"A photorealistic portrait of Axiochus, Late 5th-century BC Athenian politician, as a real person of the ancient Greek world. Documentary portrait photograph, full-frame camera, 85mm lens at f/2, soft side daylight, shallow depth of field; weathered skin with visible pores and wrinkles, real hair, wool or linen clothing, an out-of-focus period setting behind. Historically accurate reconstruction of the late 5th century BC: buildings intact, newly built and painted, never ruins; authentic dress, arms and armour of the people shown, never Roman. Natural light, subtle film grain, fine detail. No text, no letters, no modern objects."
69,battle-of-mytilene-406-bc,event,Battle of Mytilene (406 BC),"A photorealistic scene of Battle of Mytilene (406 BC), Naval battle between Sparta and Athens, part of the Peloponnesian Wars, as it really happened. Cinematic war photograph from water level, full-frame camera, 35mm lens, spray and haze: wooden triremes with bronze rams and three banks of oars, painted eyes on the bows, hoplites and archers on deck in bronze helmets. Historically accurate reconstruction of the late 5th century BC: buildings intact, newly built and painted, never ruins; authentic dress, arms and armour of the people shown, never Roman. Natural light, subtle film grain, fine detail. No text, no letters, no modern objects."
70,cleophon-politician,person,Cleophon (politician),"A photorealistic portrait of Cleophon (politician), Athenian politician (died 405 BC), as a real person of the ancient Greek world. Documentary portrait photograph, full-frame camera, 85mm lens at f/2, soft side daylight, shallow depth of field; weathered skin with visible pores and wrinkles, real hair, wool or linen clothing, an out-of-focus period setting behind. Historically accurate reconstruction of the late 5th century BC: buildings intact, newly built and painted, never ruins; authentic dress, arms and armour of the people shown, never Roman. Natural light, subtle film grain, fine detail. No text, no letters, no modern objects."
71,clitophon-athenian,person,Clitophon (Athenian),"A photorealistic portrait of Clitophon (Athenian), Late 5th-century BC Athenian statesman, as a real person of the ancient Greek world. Documentary portrait photograph, full-frame camera, 85mm lens at f/2, soft side daylight, shallow depth of field; weathered skin with visible pores and wrinkles, real hair, wool or linen clothing, an out-of-focus period setting behind. Historically accurate reconstruction of the late 5th century BC: buildings intact, newly built and painted, never ruins; authentic dress, arms and armour of the people shown, never Roman. Natural light, subtle film grain, fine detail. No text, no letters, no modern objects."
72,samian-war,event,Samian War,"A photorealistic scene of Samian War, 5th century BCE military conflict between Athens and the island of Samos, as it really happened. Cinematic war photograph, full-frame camera, 35mm lens, dust and haze, motion blur, sweat, mud and blood. Hoplites in hammered bronze Corinthian helmets that cover the face, linen cuirasses, bronze greaves, large round bronze-faced hoplon shields, long ash-wood spears. Historically accurate reconstruction of the late 5th century BC: buildings intact, newly built and painted, never ruins; authentic dress, arms and armour of the people shown, never Roman. Natural light, subtle film grain, fine detail. No text, no letters, no modern objects."
73,thirty-years-peace,event,Thirty Years' Peace,"A photorealistic scene of Thirty Years' Peace, 446/445 BC treaty between Athens and Sparta, as it really happened. Cinematic documentary photograph, full-frame camera, 35mm lens, natural light, real people in period dress. Historically accurate reconstruction of the late 5th century BC: buildings intact, newly built and painted, never ruins; authentic dress, arms and armour of the people shown, never Roman. Natural light, subtle film grain, fine detail. No text, no letters, no modern objects."
74,aristogenes-general,person,Aristogenes (general),"A photorealistic portrait of Aristogenes (general), Late 5th-century BC Greek general, as a real person of the ancient Greek world. Documentary portrait photograph, full-frame camera, 85mm lens at f/2, soft side daylight, shallow depth of field; weathered skin with visible pores and wrinkles, real hair, wool or linen clothing, an out-of-focus period setting behind. Historically accurate reconstruction of the late 5th century BC: buildings intact, newly built and painted, never ruins; authentic dress, arms and armour of the people shown, never Roman. Natural light, subtle film grain, fine detail. No text, no letters, no modern objects."
75,battle-of-megara,event,Battle of Megara,"A photorealistic scene of Battle of Megara, 424 BCE battle between Athens and Megara, as it really happened. Cinematic war photograph, full-frame camera, 35mm lens, dust and haze, motion blur, sweat, mud and blood. Hoplites in hammered bronze Corinthian helmets that cover the face, linen cuirasses, bronze greaves, large round bronze-faced hoplon shields, long ash-wood spears. Historically accurate reconstruction of the late 5th century BC: buildings intact, newly built and painted, never ruins; authentic dress, arms and armour of the people shown, never Roman. Natural light, subtle film grain, fine detail. No text, no letters, no modern objects."
76,battle-of-rhium,event,Battle of Rhium,"A photorealistic scene of Battle of Rhium, Naval battle between Athenian and Peloponnesian fleets (429 BC), as it really happened. Cinematic war photograph from water level, full-frame camera, 35mm lens, spray and haze: wooden triremes with bronze rams and three banks of oars, painted eyes on the bows, hoplites and archers on deck in bronze helmets. Historically accurate reconstruction of the late 5th century BC: buildings intact, newly built and painted, never ruins; authentic dress, arms and armour of the people shown, never Roman. Natural light, subtle film grain, fine detail. No text, no letters, no modern objects."
77,battle-of-tanagra-426-bc,event,Battle of Tanagra (426 BC),"A photorealistic scene of Battle of Tanagra (426 BC), Battle in the Pelopponesian War, as it really happened. Cinematic war photograph, full-frame camera, 35mm lens, dust and haze, motion blur, sweat, mud and blood. Hoplites in hammered bronze Corinthian helmets that cover the face, linen cuirasses, bronze greaves, large round bronze-faced hoplon shields, long ash-wood spears. Historically accurate reconstruction of the late 5th century BC: buildings intact, newly built and painted, never ruins; authentic dress, arms and armour of the people shown, never Roman. Natural light, subtle film grain, fine detail. No text, no letters, no modern objects."
78,dercylidas,person,Dercylidas,"A photorealistic portrait of Dercylidas, Late 5th early 4th century BCE Spartan commander, as a real person of the ancient Greek world. Documentary portrait photograph, full-frame camera, 85mm lens at f/2, soft side daylight, shallow depth of field; weathered skin with visible pores and wrinkles, real hair, wool or linen clothing, an out-of-focus period setting behind. Historically accurate reconstruction of the late 5th century BC: buildings intact, newly built and painted, never ruins; authentic dress, arms and armour of the people shown, never Roman. Natural light, subtle film grain, fine detail. No text, no letters, no modern objects."
79,eteonicus,person,Eteonicus,"A photorealistic portrait of Eteonicus, Spartan admiral during the Peloponesian and Corinthian Wars, as a real person of the ancient Greek world. Documentary portrait photograph, full-frame camera, 85mm lens at f/2, soft side daylight, shallow depth of field; weathered skin with visible pores and wrinkles, real hair, wool or linen clothing, an out-of-focus period setting behind. Historically accurate reconstruction of the late 5th century BC: buildings intact, newly built and painted, never ruins; authentic dress, arms and armour of the people shown, never Roman. Natural light, subtle film grain, fine detail. No text, no letters, no modern objects."
80,hermippus,person,Hermippus,"A photorealistic portrait of Hermippus, 5th-century BC Athenian poet, as a real person of the ancient Greek world. Documentary portrait photograph, full-frame camera, 85mm lens at f/2, soft side daylight, shallow depth of field; weathered skin with visible pores and wrinkles, real hair, wool or linen clothing, an out-of-focus period setting behind. Historically accurate reconstruction of the late 5th century BC: buildings intact, newly built and painted, never ruins; authentic dress, arms and armour of the people shown, never Roman. Natural light, subtle film grain, fine detail. No text, no letters, no modern objects."
81,hipponicus-iii,person,Hipponicus III,"A photorealistic portrait of Hipponicus III, 5th-century BC Athenian military commander, as a real person of the ancient Greek world. Documentary portrait photograph, full-frame camera, 85mm lens at f/2, soft side daylight, shallow depth of field; weathered skin with visible pores and wrinkles, real hair, wool or linen clothing, an out-of-focus period setting behind. Historically accurate reconstruction of the late 5th century BC: buildings intact, newly built and painted, never ruins; authentic dress, arms and armour of the people shown, never Roman. Natural light, subtle film grain, fine detail. No text, no letters, no modern objects."
82,philoctetes-sophocles-play,work,Philoctetes (Sophocles play),"A photorealistic evocation of the ancient work Philoctetes (Sophocles play), Ancient Greek tragedy by Sophocles. Photograph of an original performance in an open-air Greek theatre of wooden benches on a hillside, masked actors in costume, the chorus in the orchestra, audience in wool himatia, daylight. Historically accurate reconstruction of the late 5th century BC: buildings intact, newly built and painted, never ruins; authentic dress, arms and armour of the people shown, never Roman. Natural light, subtle film grain, fine detail. No text, no letters, no modern objects."
83,protomachus-athenian-general,person,Protomachus (Athenian general),"A photorealistic portrait of Protomachus (Athenian general), Late 5th-century BC Athenian admiral, as a real person of the ancient Greek world. Documentary portrait photograph, full-frame camera, 85mm lens at f/2, soft side daylight, shallow depth of field; weathered skin with visible pores and wrinkles, real hair, wool or linen clothing, an out-of-focus period setting behind. Historically accurate reconstruction of the late 5th century BC: buildings intact, newly built and painted, never ruins; authentic dress, arms and armour of the people shown, never Roman. Natural light, subtle film grain, fine detail. No text, no letters, no modern objects."
84,sthenelaidas,person,Sthenelaidas,"A photorealistic portrait of Sthenelaidas, Spartan ephor in 432 BC, as a real person of the ancient Greek world. Documentary portrait photograph, full-frame camera, 85mm lens at f/2, soft side daylight, shallow depth of field; weathered skin with visible pores and wrinkles, real hair, wool or linen clothing, an out-of-focus period setting behind. Historically accurate reconstruction of the late 5th century BC: buildings intact, newly built and painted, never ruins; authentic dress, arms and armour of the people shown, never Roman. Natural light, subtle film grain, fine detail. No text, no letters, no modern objects."
85,aetolian-campaign,event,Aetolian campaign,"A photorealistic scene of Aetolian campaign, Military campaign during the Peloponnesian War (426 BC), as it really happened. Cinematic war photograph, full-frame camera, 35mm lens, dust and haze, motion blur, sweat, mud and blood. Hoplites in hammered bronze Corinthian helmets that cover the face, linen cuirasses, bronze greaves, large round bronze-faced hoplon shields, long ash-wood spears. Historically accurate reconstruction of the late 5th century BC: buildings intact, newly built and painted, never ruins; authentic dress, arms and armour of the people shown, never Roman. Natural light, subtle film grain, fine detail. No text, no letters, no modern objects."
86,alcidas,person,Alcidas,"A photorealistic portrait of Alcidas, 5th-century BC Spartan admiral, as a real person of the ancient Greek world. Documentary portrait photograph, full-frame camera, 85mm lens at f/2, soft side daylight, shallow depth of field; weathered skin with visible pores and wrinkles, real hair, wool or linen clothing, an out-of-focus period setting behind. Historically accurate reconstruction of the late 5th century BC: buildings intact, newly built and painted, never ruins; authentic dress, arms and armour of the people shown, never Roman. Natural light, subtle film grain, fine detail. No text, no letters, no modern objects."
87,battle-of-hysiae-417-bc,event,Battle of Hysiae (417 BC),"A photorealistic scene of Battle of Hysiae (417 BC), Battle between the armies of Argos and Sparta (417 BC), as it really happened. Cinematic war photograph, full-frame camera, 35mm lens, dust and haze, motion blur, sweat, mud and blood. Hoplites in hammered bronze Corinthian helmets that cover the face, linen cuirasses, bronze greaves, large round bronze-faced hoplon shields, long ash-wood spears. Historically accurate reconstruction of the late 5th century BC: buildings intact, newly built and painted, never ruins; authentic dress, arms and armour of the people shown, never Roman. Natural light, subtle film grain, fine detail. No text, no letters, no modern objects."
88,cyclops-play,work,Cyclops (play),"A photorealistic evocation of the ancient work Cyclops (play), Ancient Greek satyr play by Euripides. Photograph of an original performance in an open-air Greek theatre of wooden benches on a hillside, masked actors in costume, the chorus in the orchestra, audience in wool himatia, daylight. Historically accurate reconstruction of the late 5th century BC: buildings intact, newly built and painted, never ruins; authentic dress, arms and armour of the people shown, never Roman. Natural light, subtle film grain, fine detail. No text, no letters, no modern objects."
89,endius,person,Endius,"A photorealistic portrait of Endius, 5th-century BC Spartan magistrate, as a real person of the ancient Greek world. Documentary portrait photograph, full-frame camera, 85mm lens at f/2, soft side daylight, shallow depth of field; weathered skin with visible pores and wrinkles, real hair, wool or linen clothing, an out-of-focus period setting behind. Historically accurate reconstruction of the late 5th century BC: buildings intact, newly built and painted, never ruins; authentic dress, arms and armour of the people shown, never Roman. Natural light, subtle film grain, fine detail. No text, no letters, no modern objects."
90,erasinides,person,Erasinides,"A photorealistic portrait of Erasinides, Athenian military commander (died 406 BC), as a real person of the ancient Greek world. Documentary portrait photograph, full-frame camera, 85mm lens at f/2, soft side daylight, shallow depth of field; weathered skin with visible pores and wrinkles, real hair, wool or linen clothing, an out-of-focus period setting behind. Historically accurate reconstruction of the late 5th century BC: buildings intact, newly built and painted, never ruins; authentic dress, arms and armour of the people shown, never Roman. Natural light, subtle film grain, fine detail. No text, no letters, no modern objects."
91,hippocrates-of-athens,person,Hippocrates of Athens,"A photorealistic portrait of Hippocrates of Athens, Athenian general (c. 459 – 424 BC), as a real person of the ancient Greek world. Documentary portrait photograph, full-frame camera, 85mm lens at f/2, soft side daylight, shallow depth of field; weathered skin with visible pores and wrinkles, real hair, wool or linen clothing, an out-of-focus period setting behind. Historically accurate reconstruction of the late 5th century BC: buildings intact, newly built and painted, never ruins; authentic dress, arms and armour of the people shown, never Roman. Natural light, subtle film grain, fine detail. No text, no letters, no modern objects."
92,pericles-the-younger,person,Pericles the Younger,"A photorealistic portrait of Pericles the Younger, Athenian general (440s–406 BC), as a real person of the ancient Greek world. Documentary portrait photograph, full-frame camera, 85mm lens at f/2, soft side daylight, shallow depth of field; weathered skin with visible pores and wrinkles, real hair, wool or linen clothing, an out-of-focus period setting behind. Historically accurate reconstruction of the late 5th century BC: buildings intact, newly built and painted, never ruins; authentic dress, arms and armour of the people shown, never Roman. Natural light, subtle film grain, fine detail. No text, no letters, no modern objects."
93,thymochares,person,Thymochares,"A photorealistic portrait of Thymochares, Late 5th-century BC Athenian general, as a real person of the ancient Greek world. Documentary portrait photograph, full-frame camera, 85mm lens at f/2, soft side daylight, shallow depth of field; weathered skin with visible pores and wrinkles, real hair, wool or linen clothing, an out-of-focus period setting behind. Historically accurate reconstruction of the late 5th century BC: buildings intact, newly built and painted, never ruins; authentic dress, arms and armour of the people shown, never Roman. Natural light, subtle film grain, fine detail. No text, no letters, no modern objects."
94,tiribazus,person,Tiribazus,"A photorealistic portrait of Tiribazus, Achaemenid satrap (c. 440 BC-370 BC), as a real person of the Achaemenid Persian Empire. Documentary portrait photograph, full-frame camera, 85mm lens at f/2, soft side daylight, shallow depth of field; weathered skin with visible pores and wrinkles, real hair, wool or linen clothing, an out-of-focus period setting behind. Historically accurate reconstruction of the late 5th century BC: buildings intact, newly built and painted, never ruins; authentic dress, arms and armour of the people shown, never Roman. Natural light, subtle film grain, fine detail. No text, no letters, no modern objects."
95,ancient-corinth,polity,Ancient Corinth,"A photorealistic view of Ancient Corinth, Ancient city-state in mainland Greece, as it was in the late 5th century BC. Wide landscape photograph, golden-hour light: its people, buildings and surrounding countryside as they were at the time. Historically accurate reconstruction of the late 5th century BC: buildings intact, newly built and painted, never ruins; authentic dress, arms and armour of the people shown, never Roman. Natural light, subtle film grain, fine detail. No text, no letters, no modern objects."
96,antiochus-admiral,person,Antiochus (admiral),"A photorealistic portrait of Antiochus (admiral), Athenian naval general (died 406 BC), as a real person of the ancient Greek world. Documentary portrait photograph, full-frame camera, 85mm lens at f/2, soft side daylight, shallow depth of field; weathered skin with visible pores and wrinkles, real hair, wool or linen clothing, an out-of-focus period setting behind. Historically accurate reconstruction of the late 5th century BC: buildings intact, newly built and painted, never ruins; authentic dress, arms and armour of the people shown, never Roman. Natural light, subtle film grain, fine detail. No text, no letters, no modern objects."
97,aristeus,person,Aristeus,"A photorealistic portrait of Aristeus, 5th century BCE Corinthian general, as a real person of the ancient Greek world. Documentary portrait photograph, full-frame camera, 85mm lens at f/2, soft side daylight, shallow depth of field; weathered skin with visible pores and wrinkles, real hair, wool or linen clothing, an out-of-focus period setting behind. Historically accurate reconstruction of the late 5th century BC: buildings intact, newly built and painted, never ruins; authentic dress, arms and armour of the people shown, never Roman. Natural light, subtle film grain, fine detail. No text, no letters, no modern objects."
98,arrhabaeus,person,Arrhabaeus,"A photorealistic portrait of Arrhabaeus, Index of articles associated with the same name, as a real person of the ancient Greek world. Documentary portrait photograph, full-frame camera, 85mm lens at f/2, soft side daylight, shallow depth of field; weathered skin with visible pores and wrinkles, real hair, wool or linen clothing, an out-of-focus period setting behind. Historically accurate reconstruction of the late 5th century BC: buildings intact, newly built and painted, never ruins; authentic dress, arms and armour of the people shown, never Roman. Natural light, subtle film grain, fine detail. No text, no letters, no modern objects."
99,battle-of-eretria,event,Battle of Eretria,"A photorealistic scene of Battle of Eretria, Naval battle between Sparta and Athens (411 BC), as it really happened. Cinematic war photograph from water level, full-frame camera, 35mm lens, spray and haze: wooden triremes with bronze rams and three banks of oars, painted eyes on the bows, hoplites and archers on deck in bronze helmets. Historically accurate reconstruction of the late 5th century BC: buildings intact, newly built and painted, never ruins; authentic dress, arms and armour of the people shown, never Roman. Natural light, subtle film grain, fine detail. No text, no letters, no modern objects."
100,battle-of-idomene,event,Battle of Idomene,"A photorealistic scene of Battle of Idomene, Battle during the Peloponnesian War (426 BC), as it really happened. Cinematic war photograph, full-frame camera, 35mm lens, dust and haze, motion blur, sweat, mud and blood. Hoplites in hammered bronze Corinthian helmets that cover the face, linen cuirasses, bronze greaves, large round bronze-faced hoplon shields, long ash-wood spears. Historically accurate reconstruction of the late 5th century BC: buildings intact, newly built and painted, never ruins; authentic dress, arms and armour of the people shown, never Roman. Natural light, subtle film grain, fine detail. No text, no letters, no modern objects."
101,diodotus-son-of-eucrates,person,Diodotus (son of Eucrates),"A photorealistic portrait of Diodotus (son of Eucrates), 5th-century BC Athenian politician, as a real person of the ancient Greek world. Documentary portrait photograph, full-frame camera, 85mm lens at f/2, soft side daylight, shallow depth of field; weathered skin with visible pores and wrinkles, real hair, wool or linen clothing, an out-of-focus period setting behind. Historically accurate reconstruction of the late 5th century BC: buildings intact, newly built and painted, never ruins; authentic dress, arms and armour of the people shown, never Roman. Natural light, subtle film grain, fine detail. No text, no letters, no modern objects."
102,pagondas,person,Pagondas,"A photorealistic portrait of Pagondas, 5th-century BC Theban general and statesman, as a real person of the ancient Greek world. Documentary portrait photograph, full-frame camera, 85mm lens at f/2, soft side daylight, shallow depth of field; weathered skin with visible pores and wrinkles, real hair, wool or linen clothing, an out-of-focus period setting behind. Historically accurate reconstruction of the late 5th century BC: buildings intact, newly built and painted, never ruins; authentic dress, arms and armour of the people shown, never Roman. Natural light, subtle film grain, fine detail. No text, no letters, no modern objects."
103,paralus-ship,person,Paralus (ship),"A photorealistic portrait of Paralus (ship), Ancient Athenian sacred ship, as a real person of the ancient Greek world. Documentary portrait photograph, full-frame camera, 85mm lens at f/2, soft side daylight, shallow depth of field; weathered skin with visible pores and wrinkles, real hair, wool or linen clothing, an out-of-focus period setting behind. Historically accurate reconstruction of the late 5th century BC: buildings intact, newly built and painted, never ruins; authentic dress, arms and armour of the people shown, never Roman. Natural light, subtle film grain, fine detail. No text, no letters, no modern objects."
104,pericleidas,person,Pericleidas,"A photorealistic portrait of Pericleidas, Ancient Spartan general, as a real person of the ancient Greek world. Documentary portrait photograph, full-frame camera, 85mm lens at f/2, soft side daylight, shallow depth of field; weathered skin with visible pores and wrinkles, real hair, wool or linen clothing, an out-of-focus period setting behind. Historically accurate reconstruction of the late 5th century BC: buildings intact, newly built and painted, never ruins; authentic dress, arms and armour of the people shown, never Roman. Natural light, subtle film grain, fine detail. No text, no letters, no modern objects."
105,theristai,work,Theristai,"A photorealistic evocation of the ancient work Theristai, Lost satyr play by Euripides. Photograph of an original performance in an open-air Greek theatre of wooden benches on a hillside, masked actors in costume, the chorus in the orchestra, audience in wool himatia, daylight. Historically accurate reconstruction of the late 5th century BC: buildings intact, newly built and painted, never ruins; authentic dress, arms and armour of the people shown, never Roman. Natural light, subtle film grain, fine detail. No text, no letters, no modern objects."
106,aracus-navarch,person,Aracus (navarch),"A photorealistic portrait of Aracus (navarch), Spartan military commander, 5th/4th-century BC, as a real person of the ancient Greek world. Documentary portrait photograph, full-frame camera, 85mm lens at f/2, soft side daylight, shallow depth of field; weathered skin with visible pores and wrinkles, real hair, wool or linen clothing, an out-of-focus period setting behind. Historically accurate reconstruction of the late 5th century BC: buildings intact, newly built and painted, never ruins; authentic dress, arms and armour of the people shown, never Roman. Natural light, subtle film grain, fine detail. No text, no letters, no modern objects."
107,eupolia,person,Eupolia,"A photorealistic portrait of Eupolia, Queen of Sparta (c. 5th century BC), as a real person of the ancient Greek world. Documentary portrait photograph, full-frame camera, 85mm lens at f/2, soft side daylight, shallow depth of field; weathered skin with visible pores and wrinkles, real hair, wool or linen clothing, an out-of-focus period setting behind. Historically accurate reconstruction of the late 5th century BC: buildings intact, newly built and painted, never ruins; authentic dress, arms and armour of the people shown, never Roman. Natural light, subtle film grain, fine detail. No text, no letters, no modern objects."
108,mantitheos,person,Mantitheos,"A photorealistic portrait of Mantitheos, as a real person of the ancient Greek world. Documentary portrait photograph, full-frame camera, 85mm lens at f/2, soft side daylight, shallow depth of field; weathered skin with visible pores and wrinkles, real hair, wool or linen clothing, an out-of-focus period setting behind. Historically accurate reconstruction of the late 5th century BC: buildings intact, newly built and painted, never ruins; authentic dress, arms and armour of the people shown, never Roman. Natural light, subtle film grain, fine detail. No text, no letters, no modern objects."
109,phyle-campaign,event,Phyle Campaign,"A photorealistic scene of Phyle Campaign, Civil war in Ancient Greece, as it really happened. Cinematic war photograph, full-frame camera, 35mm lens, dust and haze, motion blur, sweat, mud and blood. Hoplites in hammered bronze Corinthian helmets that cover the face, linen cuirasses, bronze greaves, large round bronze-faced hoplon shields, long ash-wood spears. Historically accurate reconstruction of the late 5th century BC: buildings intact, newly built and painted, never ruins; authentic dress, arms and armour of the people shown, never Roman. Natural light, subtle film grain, fine detail. No text, no letters, no modern objects."
110,alcmaeon-in-corinth,work,Alcmaeon in Corinth,"A photorealistic evocation of the ancient work Alcmaeon in Corinth, Lost work by Greek playwright Euripides. Photograph of an original performance in an open-air Greek theatre of wooden benches on a hillside, masked actors in costume, the chorus in the orchestra, audience in wool himatia, daylight. Historically accurate reconstruction of the late 5th century BC: buildings intact, newly built and painted, never ruins; authentic dress, arms and armour of the people shown, never Roman. Natural light, subtle film grain, fine detail. No text, no letters, no modern objects."
111,athenaeus-of-sparta,person,Athenaeus of Sparta,"A photorealistic portrait of Athenaeus of Sparta, Ancient Spartan general, as a real person of the ancient Greek world. Documentary portrait photograph, full-frame camera, 85mm lens at f/2, soft side daylight, shallow depth of field; weathered skin with visible pores and wrinkles, real hair, wool or linen clothing, an out-of-focus period setting behind. Historically accurate reconstruction of the late 5th century BC: buildings intact, newly built and painted, never ruins; authentic dress, arms and armour of the people shown, never Roman. Natural light, subtle film grain, fine detail. No text, no letters, no modern objects."
112,congress-of-gela,event,Congress of Gela,"A photorealistic scene of Congress of Gela, 5th century BC diplomatic meeting, as it really happened. Cinematic documentary photograph, full-frame camera, 35mm lens, natural light, real people in period dress. Historically accurate reconstruction of the late 5th century BC: buildings intact, newly built and painted, never ruins; authentic dress, arms and armour of the people shown, never Roman. Natural light, subtle film grain, fine detail. No text, no letters, no modern objects."
113,eurylochus-spartan-general,person,Eurylochus (Spartan general),"A photorealistic portrait of Eurylochus (Spartan general), Spartan general, as a real person of the ancient Greek world. Documentary portrait photograph, full-frame camera, 85mm lens at f/2, soft side daylight, shallow depth of field; weathered skin with visible pores and wrinkles, real hair, wool or linen clothing, an out-of-focus period setting behind. Historically accurate reconstruction of the late 5th century BC: buildings intact, newly built and painted, never ruins; authentic dress, arms and armour of the people shown, never Roman. Natural light, subtle film grain, fine detail. No text, no letters, no modern objects."
114,hipparchicus,work,Hipparchicus,"A photorealistic evocation of the ancient work Hipparchicus, Treatise by Xenophon. Photograph of a scholar's room: papyrus scrolls, a reed pen and ink, a wooden table, oil-lamp and daylight, shallow depth of field. Historically accurate reconstruction of the late 5th century BC: buildings intact, newly built and painted, never ruins; authentic dress, arms and armour of the people shown, never Roman. Natural light, subtle film grain, fine detail. No text, no letters, no modern objects."
115,hippolytus-play,work,Hippolytus (play),"A photorealistic evocation of the ancient work Hippolytus (play), Ancient Greek tragedy by Euripides. Photograph of an original performance in an open-air Greek theatre of wooden benches on a hillside, masked actors in costume, the chorus in the orchestra, audience in wool himatia, daylight. Historically accurate reconstruction of the late 5th century BC: buildings intact, newly built and painted, never ruins; authentic dress, arms and armour of the people shown, never Roman. Natural light, subtle film grain, fine detail. No text, no letters, no modern objects."
116,lacedaemonius,person,Lacedaemonius,"A photorealistic portrait of Lacedaemonius, 5th-century BC Athenian general, as a real person of the ancient Greek world. Documentary portrait photograph, full-frame camera, 85mm lens at f/2, soft side daylight, shallow depth of field; weathered skin with visible pores and wrinkles, real hair, wool or linen clothing, an out-of-focus period setting behind. Historically accurate reconstruction of the late 5th century BC: buildings intact, newly built and painted, never ruins; authentic dress, arms and armour of the people shown, never Roman. Natural light, subtle film grain, fine detail. No text, no letters, no modern objects."
117,lysicles-general-died-428-bc,person,"Lysicles (general, died 428 BC)","A photorealistic portrait of Lysicles (general, died 428 BC), Athenian politician and general (died 428 BC), as a real person of the ancient Greek world. Documentary portrait photograph, full-frame camera, 85mm lens at f/2, soft side daylight, shallow depth of field; weathered skin with visible pores and wrinkles, real hair, wool or linen clothing, an out-of-focus period setting behind. Historically accurate reconstruction of the late 5th century BC: buildings intact, newly built and painted, never ruins; authentic dress, arms and armour of the people shown, never Roman. Natural light, subtle film grain, fine detail. No text, no letters, no modern objects."
118,on-horsemanship,work,On Horsemanship,"A photorealistic evocation of the ancient work On Horsemanship, Treatise on horsemanship by Xenophon. Photograph of a scholar's room: papyrus scrolls, a reed pen and ink, a wooden table, oil-lamp and daylight, shallow depth of field. Historically accurate reconstruction of the late 5th century BC: buildings intact, newly built and painted, never ruins; authentic dress, arms and armour of the people shown, never Roman. Natural light, subtle film grain, fine detail. No text, no letters, no modern objects."
119,thorax-of-lacedaemonia,person,Thorax of Lacedaemonia,"A photorealistic portrait of Thorax of Lacedaemonia, as a real person of the ancient Greek world. Documentary portrait photograph, full-frame camera, 85mm lens at f/2, soft side daylight, shallow depth of field; weathered skin with visible pores and wrinkles, real hair, wool or linen clothing, an out-of-focus period setting behind. Historically accurate reconstruction of the late 5th century BC: buildings intact, newly built and painted, never ruins; authentic dress, arms and armour of the people shown, never Roman. Natural light, subtle film grain, fine detail. No text, no letters, no modern objects."
120,achaemenid-empire,polity,Achaemenid Empire,"A photorealistic view of Achaemenid Empire, Ancient Iranian empire, 550–330 BC, as it was in the late 5th century BC. Wide landscape photograph, golden-hour light: its people, buildings and surrounding countryside as they were at the time. Historically accurate reconstruction of the late 5th century BC: buildings intact, newly built and painted, never ruins; authentic dress, arms and armour of the people shown, never Roman. Natural light, subtle film grain, fine detail. No text, no letters, no modern objects."
121,alcamenes-son-of-sthenelaides,person,"Alcamenes, son of Sthenelaides","A photorealistic portrait of Alcamenes, son of Sthenelaides, 5th-century BC Spartan general, as a real person of the ancient Greek world. Documentary portrait photograph, full-frame camera, 85mm lens at f/2, soft side daylight, shallow depth of field; weathered skin with visible pores and wrinkles, real hair, wool or linen clothing, an out-of-focus period setting behind. Historically accurate reconstruction of the late 5th century BC: buildings intact, newly built and painted, never ruins; authentic dress, arms and armour of the people shown, never Roman. Natural light, subtle film grain, fine detail. No text, no letters, no modern objects."
122,antisthenes-of-sparta,person,Antisthenes of Sparta,"A photorealistic portrait of Antisthenes of Sparta, Spartan admiral, active 412–399 BCE, as a real person of the ancient Greek world. Documentary portrait photograph, full-frame camera, 85mm lens at f/2, soft side daylight, shallow depth of field; weathered skin with visible pores and wrinkles, real hair, wool or linen clothing, an out-of-focus period setting behind. Historically accurate reconstruction of the late 5th century BC: buildings intact, newly built and painted, never ruins; authentic dress, arms and armour of the people shown, never Roman. Natural light, subtle film grain, fine detail. No text, no letters, no modern objects."
123,battle-of-orneae,event,Battle of Orneae,"A photorealistic scene of Battle of Orneae, Engagement during the Peloponnesian War (417 BC), as it really happened. Cinematic war photograph, full-frame camera, 35mm lens, dust and haze, motion blur, sweat, mud and blood. Hoplites in hammered bronze Corinthian helmets that cover the face, linen cuirasses, bronze greaves, large round bronze-faced hoplon shields, long ash-wood spears. Historically accurate reconstruction of the late 5th century BC: buildings intact, newly built and painted, never ruins; authentic dress, arms and armour of the people shown, never Roman. Natural light, subtle film grain, fine detail. No text, no letters, no modern objects."
124,battle-of-spartolos,event,Battle of Spartolos,"A photorealistic scene of Battle of Spartolos, 429 BC battle of the Peloponnesian War, as it really happened. Cinematic war photograph, full-frame camera, 35mm lens, dust and haze, motion blur, sweat, mud and blood. Hoplites in hammered bronze Corinthian helmets that cover the face, linen cuirasses, bronze greaves, large round bronze-faced hoplon shields, long ash-wood spears. Historically accurate reconstruction of the late 5th century BC: buildings intact, newly built and painted, never ruins; authentic dress, arms and armour of the people shown, never Roman. Natural light, subtle film grain, fine detail. No text, no letters, no modern objects."
125,coeratadas,person,Coeratadas,"A photorealistic portrait of Coeratadas, Late 5th-century BC Theban general, as a real person of the ancient Greek world. Documentary portrait photograph, full-frame camera, 85mm lens at f/2, soft side daylight, shallow depth of field; weathered skin with visible pores and wrinkles, real hair, wool or linen clothing, an out-of-focus period setting behind. Historically accurate reconstruction of the late 5th century BC: buildings intact, newly built and painted, never ruins; authentic dress, arms and armour of the people shown, never Roman. Natural light, subtle film grain, fine detail. No text, no letters, no modern objects."
126,delian-league,polity,Delian League,"A photorealistic view of Delian League, Association of ancient Greek city-states under Athenian hegemony, as it was in the late 5th century BC. Wide landscape photograph, golden-hour light: its people, buildings and surrounding countryside as they were at the time. Historically accurate reconstruction of the late 5th century BC: buildings intact, newly built and painted, never ruins; authentic dress, arms and armour of the people shown, never Roman. Natural light, subtle film grain, fine detail. No text, no letters, no modern objects."
127,heracleides-415-bc,person,Heracleides (415 BC),"A photorealistic portrait of Heracleides (415 BC), 5th-century BCE Syracusan politician and general, as a real person of the ancient Greek world. Documentary portrait photograph, full-frame camera, 85mm lens at f/2, soft side daylight, shallow depth of field; weathered skin with visible pores and wrinkles, real hair, wool or linen clothing, an out-of-focus period setting behind. Historically accurate reconstruction of the late 5th century BC: buildings intact, newly built and painted, never ruins; authentic dress, arms and armour of the people shown, never Roman. Natural light, subtle film grain, fine detail. No text, no letters, no modern objects."
128,strombichides,person,Strombichides,"A photorealistic portrait of Strombichides, Late 5th-century BC Athenian admiral and politician, as a real person of the ancient Greek world. Documentary portrait photograph, full-frame camera, 85mm lens at f/2, soft side daylight, shallow depth of field; weathered skin with visible pores and wrinkles, real hair, wool or linen clothing, an out-of-focus period setting behind. Historically accurate reconstruction of the late 5th century BC: buildings intact, newly built and painted, never ruins; authentic dress, arms and armour of the people shown, never Roman. Natural light, subtle film grain, fine detail. No text, no letters, no modern objects."
129,xenophon-son-of-euripides,person,Xenophon (son of Euripides),"A photorealistic portrait of Xenophon (son of Euripides), Athenian military commander, son of Euripides, as a real person of the ancient Greek world. Documentary portrait photograph, full-frame camera, 85mm lens at f/2, soft side daylight, shallow depth of field; weathered skin with visible pores and wrinkles, real hair, wool or linen clothing, an out-of-focus period setting behind. Historically accurate reconstruction of the late 5th century BC: buildings intact, newly built and painted, never ruins; authentic dress, arms and armour of the people shown, never Roman. Natural light, subtle film grain, fine detail. No text, no letters, no modern objects."
130,against-eratosthenes,work,Against Eratosthenes,"A photorealistic evocation of the ancient work Against Eratosthenes, Oration by Lysias (403 BC). Photograph of a scholar's room: papyrus scrolls, a reed pen and ink, a wooden table, oil-lamp and daylight, shallow depth of field. Historically accurate reconstruction of the late 5th century BC: buildings intact, newly built and painted, never ruins; authentic dress, arms and armour of the people shown, never Roman. Natural light, subtle film grain, fine detail. No text, no letters, no modern objects."
131,agias-of-sparta,person,Agias of Sparta,"A photorealistic portrait of Agias of Sparta, 5th-century Spartan seer, as a real person of the ancient Greek world. Documentary portrait photograph, full-frame camera, 85mm lens at f/2, soft side daylight, shallow depth of field; weathered skin with visible pores and wrinkles, real hair, wool or linen clothing, an out-of-focus period setting behind. Historically accurate reconstruction of the late 5th century BC: buildings intact, newly built and painted, never ruins; authentic dress, arms and armour of the people shown, never Roman. Natural light, subtle film grain, fine detail. No text, no letters, no modern objects."
132,ambracia,polity,Ambracia,"A photorealistic view of Ambracia, Ancient city in Greece, as it was in the late 5th century BC. Wide landscape photograph, golden-hour light: its people, buildings and surrounding countryside as they were at the time. Historically accurate reconstruction of the late 5th century BC: buildings intact, newly built and painted, never ruins; authentic dress, arms and armour of the people shown, never Roman. Natural light, subtle film grain, fine detail. No text, no letters, no modern objects."
133,asopius,person,Asopius,"A photorealistic portrait of Asopius, Ancient Greeks related to the Peloponnesian War, as a real person of the ancient Greek world. Documentary portrait photograph, full-frame camera, 85mm lens at f/2, soft side daylight, shallow depth of field; weathered skin with visible pores and wrinkles, real hair, wool or linen clothing, an out-of-focus period setting behind. Historically accurate reconstruction of the late 5th century BC: buildings intact, newly built and painted, never ruins; authentic dress, arms and armour of the people shown, never Roman. Natural light, subtle film grain, fine detail. No text, no letters, no modern objects."
134,battle-of-syme,event,Battle of Syme,"A photorealistic scene of Battle of Syme, Naval battle during the Peloponnesian War (411 BC), as it really happened. Cinematic war photograph from water level, full-frame camera, 35mm lens, spray and haze: wooden triremes with bronze rams and three banks of oars, painted eyes on the bows, hoplites and archers on deck in bronze helmets. Historically accurate reconstruction of the late 5th century BC: buildings intact, newly built and painted, never ruins; authentic dress, arms and armour of the people shown, never Roman. Natural light, subtle film grain, fine detail. No text, no letters, no modern objects."
135,grabos-i,person,Grabos I,"A photorealistic portrait of Grabos I, 5th-century BC Illyrian chieftain, as a real person of the ancient Greek world. Documentary portrait photograph, full-frame camera, 85mm lens at f/2, soft side daylight, shallow depth of field; weathered skin with visible pores and wrinkles, real hair, wool or linen clothing, an out-of-focus period setting behind. Historically accurate reconstruction of the late 5th century BC: buildings intact, newly built and painted, never ruins; authentic dress, arms and armour of the people shown, never Roman. Natural light, subtle film grain, fine detail. No text, no letters, no modern objects."
136,melesippus,person,Melesippus,"A photorealistic portrait of Melesippus, as a real person of the ancient Greek world. Documentary portrait photograph, full-frame camera, 85mm lens at f/2, soft side daylight, shallow depth of field; weathered skin with visible pores and wrinkles, real hair, wool or linen clothing, an out-of-focus period setting behind. Historically accurate reconstruction of the late 5th century BC: buildings intact, newly built and painted, never ruins; authentic dress, arms and armour of the people shown, never Roman. Natural light, subtle film grain, fine detail. No text, no letters, no modern objects."
137,nicomedes-of-sparta,person,Nicomedes of Sparta,"A photorealistic portrait of Nicomedes of Sparta, Spartan regent for king Pleistoanax, fl. 460–457 BC, as a real person of the ancient Greek world. Documentary portrait photograph, full-frame camera, 85mm lens at f/2, soft side daylight, shallow depth of field; weathered skin with visible pores and wrinkles, real hair, wool or linen clothing, an out-of-focus period setting behind. Historically accurate reconstruction of the late 5th century BC: buildings intact, newly built and painted, never ruins; authentic dress, arms and armour of the people shown, never Roman. Natural light, subtle film grain, fine detail. No text, no letters, no modern objects."
138,peloponnesian-league,polity,Peloponnesian League,"A photorealistic view of Peloponnesian League, Military alliance led by Sparta, c. 550 – 366 BC, as it was in the late 5th century BC. Wide landscape photograph, golden-hour light: its people, buildings and surrounding countryside as they were at the time. Historically accurate reconstruction of the late 5th century BC: buildings intact, newly built and painted, never ruins; authentic dress, arms and armour of the people shown, never Roman. Natural light, subtle film grain, fine detail. No text, no letters, no modern objects."
139,salaminia,person,Salaminia,"A photorealistic portrait of Salaminia, Athenian navy vessel, as a real person of the ancient Greek world. Documentary portrait photograph, full-frame camera, 85mm lens at f/2, soft side daylight, shallow depth of field; weathered skin with visible pores and wrinkles, real hair, wool or linen clothing, an out-of-focus period setting behind. Historically accurate reconstruction of the late 5th century BC: buildings intact, newly built and painted, never ruins; authentic dress, arms and armour of the people shown, never Roman. Natural light, subtle film grain, fine detail. No text, no letters, no modern objects."
140,thebes-greece,polity,"Thebes, Greece","A photorealistic view of Thebes, Greece, City in Boeotia, Greece, as it was in the late 5th century BC. Wide landscape photograph, golden-hour light: its people, buildings and surrounding countryside as they were at the time. Historically accurate reconstruction of the late 5th century BC: buildings intact, newly built and painted, never ruins; authentic dress, arms and armour of the people shown, never Roman. Natural light, subtle film grain, fine detail. No text, no letters, no modern objects."
141,xenares-peloponnesian-war,person,Xenares (Peloponnesian War),"A photorealistic portrait of Xenares (Peloponnesian War), as a real person of the ancient Greek world. Documentary portrait photograph, full-frame camera, 85mm lens at f/2, soft side daylight, shallow depth of field; weathered skin with visible pores and wrinkles, real hair, wool or linen clothing, an out-of-focus period setting behind. Historically accurate reconstruction of the late 5th century BC: buildings intact, newly built and painted, never ruins; authentic dress, arms and armour of the people shown, never Roman. Natural light, subtle film grain, fine detail. No text, no letters, no modern objects."
142,acarnanian-league,polity,Acarnanian League,"A photorealistic view of Acarnanian League, Tribal confederation, as it was in the late 5th century BC. Wide landscape photograph, golden-hour light: its people, buildings and surrounding countryside as they were at the time. Historically accurate reconstruction of the late 5th century BC: buildings intact, newly built and painted, never ruins; authentic dress, arms and armour of the people shown, never Roman. Natural light, subtle film grain, fine detail. No text, no letters, no modern objects."
143,amfilochia,polity,Amfilochia,"A photorealistic view of Amfilochia, Municipality in Greece, as it was in the late 5th century BC. Wide landscape photograph, golden-hour light: its people, buildings and surrounding countryside as they were at the time. Historically accurate reconstruction of the late 5th century BC: buildings intact, newly built and painted, never ruins; authentic dress, arms and armour of the people shown, never Roman. Natural light, subtle film grain, fine detail. No text, no letters, no modern objects."
144,aneristus,person,Aneristus,"A photorealistic portrait of Aneristus, as a real person of the ancient Greek world. Documentary portrait photograph, full-frame camera, 85mm lens at f/2, soft side daylight, shallow depth of field; weathered skin with visible pores and wrinkles, real hair, wool or linen clothing, an out-of-focus period setting behind. Historically accurate reconstruction of the late 5th century BC: buildings intact, newly built and painted, never ruins; authentic dress, arms and armour of the people shown, never Roman. Natural light, subtle film grain, fine detail. No text, no letters, no modern objects."
145,archetimus,person,Archetimus,"A photorealistic portrait of Archetimus, Ancient personal name, as a real person of the ancient Greek world. Documentary portrait photograph, full-frame camera, 85mm lens at f/2, soft side daylight, shallow depth of field; weathered skin with visible pores and wrinkles, real hair, wool or linen clothing, an out-of-focus period setting behind. Historically accurate reconstruction of the late 5th century BC: buildings intact, newly built and painted, never ruins; authentic dress, arms and armour of the people shown, never Roman. Natural light, subtle film grain, fine detail. No text, no letters, no modern objects."
146,argileonis,person,Argileonis,"A photorealistic portrait of Argileonis, Mother of 5th-century BC Spartan officer, Brasidas, as a real person of the ancient Greek world. Documentary portrait photograph, full-frame camera, 85mm lens at f/2, soft side daylight, shallow depth of field; weathered skin with visible pores and wrinkles, real hair, wool or linen clothing, an out-of-focus period setting behind. Historically accurate reconstruction of the late 5th century BC: buildings intact, newly built and painted, never ruins; authentic dress, arms and armour of the people shown, never Roman. Natural light, subtle film grain, fine detail. No text, no letters, no modern objects."
147,ariston-of-corinth,person,Ariston of Corinth,"A photorealistic portrait of Ariston of Corinth, as a real person of the ancient Greek world. Documentary portrait photograph, full-frame camera, 85mm lens at f/2, soft side daylight, shallow depth of field; weathered skin with visible pores and wrinkles, real hair, wool or linen clothing, an out-of-focus period setting behind. Historically accurate reconstruction of the late 5th century BC: buildings intact, newly built and painted, never ruins; authentic dress, arms and armour of the people shown, never Roman. Natural light, subtle film grain, fine detail. No text, no letters, no modern objects."
148,artemon-engineer,person,Artemon (engineer),"A photorealistic portrait of Artemon (engineer), Ancient Greek builder of siege engines in the 5th century BCE, as a real person of the ancient Greek world. Documentary portrait photograph, full-frame camera, 85mm lens at f/2, soft side daylight, shallow depth of field; weathered skin with visible pores and wrinkles, real hair, wool or linen clothing, an out-of-focus period setting behind. Historically accurate reconstruction of the late 5th century BC: buildings intact, newly built and painted, never ruins; authentic dress, arms and armour of the people shown, never Roman. Natural light, subtle film grain, fine detail. No text, no letters, no modern objects."
149,autocles-son-of-tolmaeus,person,"Autocles, son of Tolmaeus","A photorealistic portrait of Autocles, son of Tolmaeus, 5th-century BC Athenian general, as a real person of the ancient Greek world. Documentary portrait photograph, full-frame camera, 85mm lens at f/2, soft side daylight, shallow depth of field; weathered skin with visible pores and wrinkles, real hair, wool or linen clothing, an out-of-focus period setting behind. Historically accurate reconstruction of the late 5th century BC: buildings intact, newly built and painted, never ruins; authentic dress, arms and armour of the people shown, never Roman. Natural light, subtle film grain, fine detail. No text, no letters, no modern objects."
150,heracleides-409-bc,person,Heracleides (409 BC),"A photorealistic portrait of Heracleides (409 BC), as a real person of the ancient Greek world. Documentary portrait photograph, full-frame camera, 85mm lens at f/2, soft side daylight, shallow depth of field; weathered skin with visible pores and wrinkles, real hair, wool or linen clothing, an out-of-focus period setting behind. Historically accurate reconstruction of the late 5th century BC: buildings intact, newly built and painted, never ruins; authentic dress, arms and armour of the people shown, never Roman. Natural light, subtle film grain, fine detail. No text, no letters, no modern objects."
151,megara,polity,Megara,"A photorealistic view of Megara, Historic town in Greece, as it was in the late 5th century BC. Wide landscape photograph, golden-hour light: its people, buildings and surrounding countryside as they were at the time. Historically accurate reconstruction of the late 5th century BC: buildings intact, newly built and painted, never ruins; authentic dress, arms and armour of the people shown, never Roman. Natural light, subtle film grain, fine detail. No text, no letters, no modern objects."
152,salynthius,person,Salynthius,"A photorealistic portrait of Salynthius, as a real person of the ancient Greek world. Documentary portrait photograph, full-frame camera, 85mm lens at f/2, soft side daylight, shallow depth of field; weathered skin with visible pores and wrinkles, real hair, wool or linen clothing, an out-of-focus period setting behind. Historically accurate reconstruction of the late 5th century BC: buildings intact, newly built and painted, never ruins; authentic dress, arms and armour of the people shown, never Roman. Natural light, subtle film grain, fine detail. No text, no letters, no modern objects."
153,scironides,person,Scironides,"A photorealistic portrait of Scironides, Ancient Ahtenian admiral, as a real person of the ancient Greek world. Documentary portrait photograph, full-frame camera, 85mm lens at f/2, soft side daylight, shallow depth of field; weathered skin with visible pores and wrinkles, real hair, wool or linen clothing, an out-of-focus period setting behind. Historically accurate reconstruction of the late 5th century BC: buildings intact, newly built and painted, never ruins; authentic dress, arms and armour of the people shown, never Roman. Natural light, subtle film grain, fine detail. No text, no letters, no modern objects."
154,syracuse-sicily,polity,"Syracuse, Sicily","A photorealistic view of Syracuse, Sicily, City in Sicily, Italy, as it was in the late 5th century BC. Wide landscape photograph, golden-hour light: its people, buildings and surrounding countryside as they were at the time. Historically accurate reconstruction of the late 5th century BC: buildings intact, newly built and painted, never ruins; authentic dress, arms and armour of the people shown, never Roman. Natural light, subtle film grain, fine detail. No text, no letters, no modern objects."
155,teutiaplus,person,Teutiaplus,"A photorealistic portrait of Teutiaplus, as a real person of the ancient Greek world. Documentary portrait photograph, full-frame camera, 85mm lens at f/2, soft side daylight, shallow depth of field; weathered skin with visible pores and wrinkles, real hair, wool or linen clothing, an out-of-focus period setting behind. Historically accurate reconstruction of the late 5th century BC: buildings intact, newly built and painted, never ruins; authentic dress, arms and armour of the people shown, never Roman. Natural light, subtle film grain, fine detail. No text, no letters, no modern objects."
156,ancient-elis,polity,Ancient Elis,"A photorealistic view of Ancient Elis, City state in Ancient Greece, as it was in the late 5th century BC. Wide landscape photograph, golden-hour light: its people, buildings and surrounding countryside as they were at the time. Historically accurate reconstruction of the late 5th century BC: buildings intact, newly built and painted, never ruins; authentic dress, arms and armour of the people shown, never Roman. Natural light, subtle film grain, fine detail. No text, no letters, no modern objects."
157,arcadia-region,polity,Arcadia (region),"A photorealistic view of Arcadia (region), Historical region in Greece, as it was in the late 5th century BC. Wide landscape photograph, golden-hour light: its people, buildings and surrounding countryside as they were at the time. Historically accurate reconstruction of the late 5th century BC: buildings intact, newly built and painted, never ruins; authentic dress, arms and armour of the people shown, never Roman. Natural light, subtle film grain, fine detail. No text, no letters, no modern objects."
158,artas-of-messapia,person,Artas of Messapia,"A photorealistic portrait of Artas of Messapia, 5th-century BC king of the Messapians, as a real person of the ancient Greek world. Documentary portrait photograph, full-frame camera, 85mm lens at f/2, soft side daylight, shallow depth of field; weathered skin with visible pores and wrinkles, real hair, wool or linen clothing, an out-of-focus period setting behind. Historically accurate reconstruction of the late 5th century BC: buildings intact, newly built and painted, never ruins; authentic dress, arms and armour of the people shown, never Roman. Natural light, subtle film grain, fine detail. No text, no letters, no modern objects."
159,chrysis-priestess,person,Chrysis (priestess),"A photorealistic portrait of Chrysis (priestess), Argive priestess of Hera, as a real person of the ancient Greek world. Documentary portrait photograph, full-frame camera, 85mm lens at f/2, soft side daylight, shallow depth of field; weathered skin with visible pores and wrinkles, real hair, wool or linen clothing, an out-of-focus period setting behind. Historically accurate reconstruction of the late 5th century BC: buildings intact, newly built and painted, never ruins; authentic dress, arms and armour of the people shown, never Roman. Natural light, subtle film grain, fine detail. No text, no letters, no modern objects."
160,gylon,person,Gylon,"A photorealistic portrait of Gylon, Maternal grandfather of Demosthenes, as a real person of the ancient Greek world. Documentary portrait photograph, full-frame camera, 85mm lens at f/2, soft side daylight, shallow depth of field; weathered skin with visible pores and wrinkles, real hair, wool or linen clothing, an out-of-focus period setting behind. Historically accurate reconstruction of the late 5th century BC: buildings intact, newly built and painted, never ruins; authentic dress, arms and armour of the people shown, never Roman. Natural light, subtle film grain, fine detail. No text, no letters, no modern objects."
161,hegetorides,person,Hegetorides,"A photorealistic portrait of Hegetorides, as a real person of the ancient Greek world. Documentary portrait photograph, full-frame camera, 85mm lens at f/2, soft side daylight, shallow depth of field; weathered skin with visible pores and wrinkles, real hair, wool or linen clothing, an out-of-focus period setting behind. Historically accurate reconstruction of the late 5th century BC: buildings intact, newly built and painted, never ruins; authentic dress, arms and armour of the people shown, never Roman. Natural light, subtle film grain, fine detail. No text, no letters, no modern objects."
162,illyrians,polity,Illyrians,"A photorealistic view of Illyrians, Ancient Western Balkanic tribes, as it was in the late 5th century BC. Wide landscape photograph, golden-hour light: its people, buildings and surrounding countryside as they were at the time. Historically accurate reconstruction of the late 5th century BC: buildings intact, newly built and painted, never ruins; authentic dress, arms and armour of the people shown, never Roman. Natural light, subtle film grain, fine detail. No text, no letters, no modern objects."
163,lynkestis,polity,Lynkestis,"A photorealistic view of Lynkestis, Historical region in Upper Macedonia, as it was in the late 5th century BC. Wide landscape photograph, golden-hour light: its people, buildings and surrounding countryside as they were at the time. Historically accurate reconstruction of the late 5th century BC: buildings intact, newly built and painted, never ruins; authentic dress, arms and armour of the people shown, never Roman. Natural light, subtle film grain, fine detail. No text, no letters, no modern objects."
164,macedonia-ancient-kingdom,polity,Macedonia (ancient kingdom),"A photorealistic view of Macedonia (ancient kingdom), Ancient Greek kingdom in the southern Balkans, as it was in the late 5th century BC. Wide landscape photograph, golden-hour light: its people, buildings and surrounding countryside as they were at the time. Historically accurate reconstruction of the late 5th century BC: buildings intact, newly built and painted, never ruins; authentic dress, arms and armour of the people shown, never Roman. Natural light, subtle film grain, fine detail. No text, no letters, no modern objects."
165,mantinea,polity,Mantinea,"A photorealistic view of Mantinea, Municipal unit in Greece; ancient city in Arcadia, Greece, as it was in the late 5th century BC. Wide landscape photograph, golden-hour light: its people, buildings and surrounding countryside as they were at the time. Historically accurate reconstruction of the late 5th century BC: buildings intact, newly built and painted, never ruins; authentic dress, arms and armour of the people shown, never Roman. Natural light, subtle film grain, fine detail. No text, no letters, no modern objects."
166,menon-ii-of-pharsalus,person,Menon II of Pharsalus,"A photorealistic portrait of Menon II of Pharsalus, 5th-century BC general in the Peloponnesian War, as a real person of the ancient Greek world. Documentary portrait photograph, full-frame camera, 85mm lens at f/2, soft side daylight, shallow depth of field; weathered skin with visible pores and wrinkles, real hair, wool or linen clothing, an out-of-focus period setting behind. Historically accurate reconstruction of the late 5th century BC: buildings intact, newly built and painted, never ruins; authentic dress, arms and armour of the people shown, never Roman. Natural light, subtle film grain, fine detail. No text, no letters, no modern objects."
167,mithymna,polity,Mithymna,"A photorealistic view of Mithymna, Municipal unit in Greece, as it was in the late 5th century BC. Wide landscape photograph, golden-hour light: its people, buildings and surrounding countryside as they were at the time. Historically accurate reconstruction of the late 5th century BC: buildings intact, newly built and painted, never ruins; authentic dress, arms and armour of the people shown, never Roman. Natural light, subtle film grain, fine detail. No text, no letters, no modern objects."
168,mytilene,polity,Mytilene,"A photorealistic view of Mytilene, Capital of the Greek island of Lesbos, as it was in the late 5th century BC. Wide landscape photograph, golden-hour light: its people, buildings and surrounding countryside as they were at the time. Historically accurate reconstruction of the late 5th century BC: buildings intact, newly built and painted, never ruins; authentic dress, arms and armour of the people shown, never Roman. Natural light, subtle film grain, fine detail. No text, no letters, no modern objects."
169,nymphodorus-of-abdera,person,Nymphodorus of Abdera,"A photorealistic portrait of Nymphodorus of Abdera, 5th-century BC citizen of Abdera, brother-in-law of king Sitalces of Thrace, as a real person of the ancient Greek world. Documentary portrait photograph, full-frame camera, 85mm lens at f/2, soft side daylight, shallow depth of field; weathered skin with visible pores and wrinkles, real hair, wool or linen clothing, an out-of-focus period setting behind. Historically accurate reconstruction of the late 5th century BC: buildings intact, newly built and painted, never ruins; authentic dress, arms and armour of the people shown, never Roman. Natural light, subtle film grain, fine detail. No text, no letters, no modern objects."
170,plataea,polity,Plataea,"A photorealistic view of Plataea, Ancient city in southeastern Boeotia, Greece, as it was in the late 5th century BC. Wide landscape photograph, golden-hour light: its people, buildings and surrounding countryside as they were at the time. Historically accurate reconstruction of the late 5th century BC: buildings intact, newly built and painted, never ruins; authentic dress, arms and armour of the people shown, never Roman. Natural light, subtle film grain, fine detail. No text, no letters, no modern objects."
171,samos,polity,Samos,"A photorealistic view of Samos, Greek island in the eastern Aegean Sea, as it was in the late 5th century BC. Wide landscape photograph, golden-hour light: its people, buildings and surrounding countryside as they were at the time. Historically accurate reconstruction of the late 5th century BC: buildings intact, newly built and painted, never ruins; authentic dress, arms and armour of the people shown, never Roman. Natural light, subtle film grain, fine detail. No text, no letters, no modern objects."
172,tanagra,polity,Tanagra,"A photorealistic view of Tanagra, Municipality in Greece, as it was in the late 5th century BC. Wide landscape photograph, golden-hour light: its people, buildings and surrounding countryside as they were at the time. Historically accurate reconstruction of the late 5th century BC: buildings intact, newly built and painted, never ruins; authentic dress, arms and armour of the people shown, never Roman. Natural light, subtle film grain, fine detail. No text, no letters, no modern objects."
173,tegea,polity,Tegea,"A photorealistic view of Tegea, Settlement in ancient Greek Arcadia, as it was in the late 5th century BC. Wide landscape photograph, golden-hour light: its people, buildings and surrounding countryside as they were at the time. Historically accurate reconstruction of the late 5th century BC: buildings intact, newly built and painted, never ruins; authentic dress, arms and armour of the people shown, never Roman. Natural light, subtle film grain, fine detail. No text, no letters, no modern objects."
